window_size,window_seconds,file_name,learning_rate,gamma,lambda,threshold_method,tau,val_loss,val_precision,val_recall,val_f1,val_roc_auc,val_pr_auc,test_precision,test_recall,test_f1,test_roc_auc,test_pr_auc
15,75,tranad_processed_tensors_w15.pt,0.002,0.7,0.3,Optimal_Val_F1,0.23693203926086426,0.23933703139690415,0.23106060606060605,0.8970588235294118,0.3674698795180723,0.8284986064251136,0.1994671605290039,0.556390977443609,0.8114035087719298,0.6601248884924175,0.7434210526315789,0.5706067633585141
10,50,tranad_processed_tensors_w10.pt,0.001,0.7,0.3,Optimal_Val_F1,0.22150759398937225,0.27016676031053066,0.23106060606060605,0.8970588235294118,0.3674698795180723,0.8183951884993399,0.1944946209903448,0.4268774703557312,0.47368421052631576,0.4490644490644491,0.7518608660379271,0.5820359326918769
5,25,tranad_processed_tensors_w5.pt,0.002,0.7,0.3,Optimal_Val_F1,0.19844679534435272,0.21584669261106423,0.23106060606060605,0.8970588235294118,0.3674698795180723,0.8253997359542321,0.20428866622696118,0.40289256198347106,0.4276315789473684,0.4148936170212766,0.7187404928506237,0.5452594219161533
15,75,tranad_processed_tensors_w15.pt,0.002,0.5,0.5,Optimal_Val_F1,0.2551352381706238,0.23933703139690415,0.23106060606060605,0.8970588235294118,0.3674698795180723,0.8246112659527651,0.19139782868930794,0.5548872180451128,0.8092105263157895,0.6583407671721677,0.7490442145826994,0.5710201091817422
15,75,tranad_processed_tensors_w15.pt,0.002,0.3,0.7,Optimal_Val_F1,0.2733384072780609,0.23933703139690415,0.23106060606060605,0.8970588235294118,0.3674698795180723,0.8188169282675664,0.1813762767630093,0.5542168674698795,0.8070175438596491,0.6571428571428571,0.7742990061859852,0.5929136547221253
20,100,tranad_processed_tensors_w20.pt,0.002,0.7,0.3,Optimal_Val_F1,0.24293152987957,0.2568234674898641,0.23018867924528302,0.8970588235294118,0.3663663663663664,0.8242445357195247,0.19774873176327648,0.4504672897196262,0.5285087719298246,0.4863773965691221,0.7427897779129906,0.5773680475229571
5,25,tranad_processed_tensors_w5.pt,0.002,0.3,0.7,Optimal_Val_F1,0.22869329154491425,0.21584669261106423,0.23018867924528302,0.8970588235294118,0.3663663663663664,0.8211456652486432,0.19329145116810093,0.4057377049180328,0.4342105263157895,0.4194915254237288,0.7189458472771524,0.5469230402692516
5,25,tranad_processed_tensors_w5.pt,0.002,0.5,0.5,Optimal_Val_F1,0.21357004344463348,0.21584669261106423,0.23018867924528302,0.8970588235294118,0.3663663663663664,0.8234744022297198,0.19844586102132553,0.4041237113402062,0.4298245614035088,0.4165781083953241,0.7183500659162357,0.5459894458285974
5,25,tranad_processed_tensors_w5.pt,0.001,0.3,0.7,Optimal_Val_F1,0.2027185708284378,0.21007394358249648,0.23018867924528302,0.8970588235294118,0.3663663663663664,0.8263899075839812,0.20368482394720472,0.4069529652351738,0.43640350877192985,0.4211640211640212,0.7280118649224216,0.5578878499908388
5,25,tranad_processed_tensors_w5.pt,0.001,0.5,0.5,Optimal_Val_F1,0.197392538189888,0.21007394358249648,0.23018867924528302,0.8970588235294118,0.3663663663663664,0.8275817808420127,0.20659803372324145,0.4057377049180328,0.4342105263157895,0.4194915254237288,0.7270079099482811,0.5561838725196913
5,25,tranad_processed_tensors_w5.pt,0.001,0.7,0.3,Optimal_Val_F1,0.1920665055513382,0.21007394358249648,0.23018867924528302,0.8970588235294118,0.3663663663663664,0.8280035206102391,0.20932434351851098,0.40451745379876797,0.43201754385964913,0.4178154825026511,0.7246197140249468,0.5535579963344499
5,25,tranad_processed_tensors_w5.pt,0.0005,0.5,0.5,Optimal_Val_F1,0.22938862442970276,0.261551144000675,0.22932330827067668,0.8970588235294118,0.3652694610778443,0.7910371130996039,0.17900766355930678,0.561377245508982,0.8223684210526315,0.6672597864768683,0.7297611804076665,0.5411406454614652
15,75,tranad_processed_tensors_w15.pt,0.001,0.5,0.5,Optimal_Val_F1,0.23602762818336487,0.26603718168501345,0.22932330827067668,0.8970588235294118,0.3652694610778443,0.7983167082294265,0.18228028664618243,0.4189723320158103,0.4649122807017544,0.4407484407484408,0.7450131832471352,0.5781698435979112
5,25,tranad_processed_tensors_w5.pt,0.0005,0.7,0.3,Optimal_Val_F1,0.22319503128528595,0.261551144000675,0.22932330827067668,0.8970588235294118,0.3652694610778443,0.7968864603197888,0.18196366271509068,0.4362934362934363,0.4956140350877193,0.46406570841889117,0.7287369435148565,0.5396069824050539
15,75,tranad_processed_tensors_w15.pt,0.001,0.7,0.3,Optimal_Val_F1,0.22093157470226288,0.26603718168501345,0.22932330827067668,0.8970588235294118,0.3652694610778443,0.8021490391667889,0.18877398642696402,0.41699604743083,0.46271929824561403,0.4386694386694387,0.7453858635026873,0.5799804126094253
20,100,tranad_processed_tensors_w20.pt,0.002,0.3,0.7,Optimal_Val_F1,0.28583869338035583,0.2568234674898641,0.22932330827067668,0.8970588235294118,0.3652694610778443,0.8172583247762945,0.18291878442527493,0.5581737849779087,0.831140350877193,0.66784140969163,0.7473151810161242,0.5708499991408553
20,100,tranad_processed_tensors_w20.pt,0.002,0.5,0.5,Optimal_Val_F1,0.2728390693664551,0.2568234674898641,0.22932330827067668,0.8970588235294118,0.3652694610778443,0.8209806366436849,0.19039123143624168,0.5601783060921248,0.8267543859649122,0.6678476527900797,0.7446633201500862,0.5731707129173934
15,75,tranad_processed_tensors_w15.pt,0.0005,0.7,0.3,Optimal_Val_F1,0.243521049618721,0.3109725186867373,0.22932330827067668,0.8970588235294118,0.3652694610778443,0.8174416898929148,0.17759534176869834,0.49310344827586206,0.6271929824561403,0.5521235521235521,0.7562658452489606,0.5706109540694154
20,100,tranad_processed_tensors_w20.pt,0.001,0.7,0.3,Optimal_Val_F1,0.25783511996269226,0.2783497786814613,0.22846441947565543,0.8970588235294118,0.3641791044776119,0.8155530291917266,0.18366039184443506,0.43846153846153846,0.5,0.4672131147540984,0.7534910252509888,0.577835457880677
20,100,tranad_processed_tensors_w20.pt,0.0005,0.5,0.5,Optimal_Val_F1,0.3215521275997162,0.3421033598216517,0.22846441947565543,0.8970588235294118,0.3641791044776119,0.7979133049728621,0.16276690962208412,0.5657894736842105,0.8486842105263158,0.6789473684210526,0.7545152621437988,0.5617213720884683
15,75,tranad_processed_tensors_w15.pt,0.0005,0.3,0.7,Optimal_Val_F1,0.27634575963020325,0.3109725186867373,0.22846441947565543,0.8970588235294118,0.3641791044776119,0.8104371424380227,0.1678341384820305,0.5641399416909622,0.8486842105263158,0.6777583187390543,0.7821417706114998,0.5912601575186472
15,75,tranad_processed_tensors_w15.pt,0.001,0.3,0.7,Optimal_Val_F1,0.23717360198497772,0.26603718168501345,0.22846441947565543,0.8970588235294118,0.3641791044776119,0.7927057356608479,0.17341723118175237,0.43486590038314177,0.49780701754385964,0.46421267893660534,0.7454974140553696,0.5783562081716574
15,75,tranad_processed_tensors_w15.pt,0.0005,0.5,0.5,Optimal_Val_F1,0.25993338227272034,0.3109725186867373,0.22846441947565543,0.8970588235294118,0.3641791044776119,0.8150029338418661,0.17301496575464625,0.5657894736842105,0.8486842105263158,0.6789473684210526,0.7587693945847276,0.5718546099429285
20,100,tranad_processed_tensors_w20.pt,0.0005,0.7,0.3,Optimal_Val_F1,0.31053146719932556,0.3421033598216517,0.22846441947565543,0.8970588235294118,0.3641791044776119,0.8007004547454893,0.1654981334987389,0.5625,0.8289473684210527,0.6702127659574468,0.7558056992191462,0.5637212151719229
5,25,tranad_processed_tensors_w5.pt,0.0005,0.3,0.7,Optimal_Val_F1,0.23558223247528076,0.261551144000675,0.22846441947565543,0.8970588235294118,0.3641791044776119,0.7870580900689452,0.17670799147192665,0.5663716814159292,0.8421052631578947,0.6772486772486772,0.7313026062265491,0.543533934397822
10,50,tranad_processed_tensors_w10.pt,0.0005,0.7,0.3,Optimal_Val_F1,0.23561213910579681,0.30223309927220854,0.22761194029850745,0.8970588235294118,0.3630952380952381,0.8022223852134369,0.17780701176216288,0.5657894736842105,0.8486842105263158,0.6789473684210526,0.7394736842105263,0.5469371119726858
10,50,tranad_processed_tensors_w10.pt,0.0005,0.5,0.5,Optimal_Val_F1,0.25228971242904663,0.30223309927220854,0.22761194029850745,0.8970588235294118,0.3630952380952381,0.7998569752090363,0.17375964801767366,0.5657894736842105,0.8486842105263158,0.6789473684210526,0.7404041172294901,0.5497210433458202
10,50,tranad_processed_tensors_w10.pt,0.0005,0.3,0.7,Optimal_Val_F1,0.26896730065345764,0.30223309927220854,0.22761194029850745,0.8970588235294118,0.3630952380952381,0.7970881619480711,0.1697390447278782,0.5626822157434402,0.8464912280701754,0.6760070052539404,0.7421508974749012,0.5524592083057199
10,50,tranad_processed_tensors_w10.pt,0.002,0.7,0.3,Optimal_Val_F1,0.24130110442638397,0.2628310919473214,0.22761194029850745,0.8970588235294118,0.3630952380952381,0.8070815608038727,0.1837046579319864,0.42011834319526625,0.46710526315789475,0.4423676012461059,0.7429368218233445,0.5738121705970443
20,100,tranad_processed_tensors_w20.pt,0.0005,0.3,0.7,Optimal_Val_F1,0.33257272839546204,0.3421033598216517,0.22761194029850745,0.8970588235294118,0.3630952380952381,0.7941176470588236,0.15944748421888902,0.5616835994194485,0.8486842105263158,0.6759825327510917,0.7613274515769192,0.5668681675384718
20,100,tranad_processed_tensors_w20.pt,0.001,0.3,0.7,Optimal_Val_F1,0.3090904653072357,0.2783497786814613,0.22761194029850745,0.8970588235294118,0.3630952380952381,0.8186152266392842,0.1835011005042025,0.5612998522895125,0.8333333333333334,0.6707855251544572,0.7542389210019269,0.5712858769532758
20,100,tranad_processed_tensors_w20.pt,0.001,0.5,0.5,Optimal_Val_F1,0.2834628224372864,0.2783497786814613,0.22761194029850745,0.8970588235294118,0.3630952380952381,0.8174416898929149,0.18382131301404858,0.5642540620384048,0.8377192982456141,0.6743159752868491,0.750869587262955,0.5720492354595719
10,50,tranad_processed_tensors_w10.pt,0.002,0.3,0.7,Optimal_Val_F1,0.27523574233055115,0.2628310919473214,0.22676579925650558,0.8970588235294118,0.3620178041543027,0.7907437289130116,0.16257341811354015,0.5622254758418741,0.8421052631578947,0.6742756804214223,0.7576336071392353,0.5913821890218298
10,50,tranad_processed_tensors_w10.pt,0.002,0.5,0.5,Optimal_Val_F1,0.25826841592788696,0.2628310919473214,0.22676579925650558,0.8970588235294118,0.3620178041543027,0.7997286196274022,0.17391001937619255,0.5614814814814815,0.831140350877193,0.6702033598585323,0.7484205455836123,0.5818906138266168
10,50,tranad_processed_tensors_w10.pt,0.001,0.5,0.5,Optimal_Val_F1,0.22934792935848236,0.27016676031053066,0.22509225092250923,0.8970588235294118,0.35988200589970504,0.8166532198914478,0.19013999611406296,0.5608308605341247,0.8289473684210527,0.6690265486725664,0.7532121488692831,0.5877243237302971
10,50,tranad_processed_tensors_w10.pt,0.001,0.3,0.7,Optimal_Val_F1,0.23718826472759247,0.27016676031053066,0.22021660649819494,0.8970588235294118,0.3536231884057971,0.8122157840692386,0.18358237904607516,0.5601173020527859,0.8377192982456141,0.671353251318102,0.7577552986512525,0.5963650401030747
5,25,tranad_processed_tensors_w5.pt,0.001,0.7,0.3,Val_Mean_2Std,0.8442524522542953,0.21007394358249648,0.15555555555555556,0.10294117647058823,0.12389380530973451,0.8280035206102391,0.20932434351851098,0.7712418300653595,0.25877192982456143,0.38752052545155996,0.7246197140249468,0.5535579963344499
5,25,tranad_processed_tensors_w5.pt,0.001,0.7,0.3,Val_Percentile_95,0.8502502083778379,0.21007394358249648,0.13636363636363635,0.08823529411764706,0.10714285714285714,0.8280035206102391,0.20932434351851098,0.7712418300653595,0.25877192982456143,0.38752052545155996,0.7246197140249468,0.5535579963344499
5,25,tranad_processed_tensors_w5.pt,0.002,0.7,0.3,Val_Mean_2Std,0.8406387716531754,0.21584669261106423,0.13333333333333333,0.08823529411764706,0.10619469026548672,0.8253997359542321,0.20428866622696118,0.7763157894736842,0.25877192982456143,0.3881578947368421,0.7187404928506237,0.5452594219161533
5,25,tranad_processed_tensors_w5.pt,0.001,0.5,0.5,Val_Percentile_95,0.870367774367331,0.21007394358249648,0.11363636363636363,0.07352941176470588,0.08928571428571429,0.8275817808420127,0.20659803372324145,0.7712418300653595,0.25877192982456143,0.38752052545155996,0.7270079099482811,0.5561838725196913
5,25,tranad_processed_tensors_w5.pt,0.001,0.5,0.5,Val_Mean_2Std,0.8570073544979095,0.21007394358249648,0.11363636363636363,0.07352941176470588,0.08928571428571429,0.8275817808420127,0.20659803372324145,0.7712418300653595,0.25877192982456143,0.38752052545155996,0.7270079099482811,0.5561838725196913
5,25,tranad_processed_tensors_w5.pt,0.001,0.3,0.7,Val_Percentile_95,0.8896201878786083,0.21007394358249648,0.11363636363636363,0.07352941176470588,0.08928571428571429,0.8263899075839812,0.20368482394720472,0.7712418300653595,0.25877192982456143,0.38752052545155996,0.7280118649224216,0.5578878499908388
5,25,tranad_processed_tensors_w5.pt,0.002,0.7,0.3,Val_Percentile_95,0.851724836230278,0.21584669261106423,0.11363636363636363,0.07352941176470588,0.08928571428571429,0.8253997359542321,0.20428866622696118,0.7763157894736842,0.25877192982456143,0.3881578947368421,0.7187404928506237,0.5452594219161533
5,25,tranad_processed_tensors_w5.pt,0.002,0.5,0.5,Val_Mean_2Std,0.8722096532583237,0.21584669261106423,0.10869565217391304,0.07352941176470588,0.08771929824561403,0.8234744022297198,0.19844586102132553,0.7712418300653595,0.25877192982456143,0.38752052545155996,0.7183500659162357,0.5459894458285974
5,25,tranad_processed_tensors_w5.pt,0.001,0.3,0.7,Val_Mean_2Std,0.8703243136405945,0.21007394358249648,0.10638297872340426,0.07352941176470588,0.08695652173913043,0.8263899075839812,0.20368482394720472,0.7756410256410257,0.26535087719298245,0.3954248366013072,0.7280118649224216,0.5578878499908388
5,25,tranad_processed_tensors_w5.pt,0.002,0.3,0.7,Val_Mean_2Std,0.905033215880394,0.21584669261106423,0.10416666666666667,0.07352941176470588,0.08620689655172414,0.8211456652486432,0.19329145116810093,0.7662337662337663,0.25877192982456143,0.38688524590163936,0.7189458472771524,0.5469230402692516
15,75,tranad_processed_tensors_w15.pt,0.002,0.7,0.3,Val_Percentile_95,0.8758240878582,0.23933703139690415,0.06818181818181818,0.04411764705882353,0.05357142857142857,0.8284986064251136,0.1994671605290039,0.7712418300653595,0.25877192982456143,0.38752052545155996,0.7434210526315789,0.5706067633585141
5,25,tranad_processed_tensors_w5.pt,0.002,0.3,0.7,Val_Percentile_95,0.9446763038635254,0.21584669261106423,0.06818181818181818,0.04411764705882353,0.05357142857142857,0.8211456652486432,0.19329145116810093,0.7697368421052632,0.2565789473684211,0.3848684210526316,0.7189458472771524,0.5469230402692516
5,25,tranad_processed_tensors_w5.pt,0.002,0.5,0.5,Val_Percentile_95,0.9073581457138061,0.21584669261106423,0.06818181818181818,0.04411764705882353,0.05357142857142857,0.8234744022297198,0.19844586102132553,0.7748344370860927,0.2565789473684211,0.385502471169687,0.7183500659162357,0.5459894458285974
10,50,tranad_processed_tensors_w10.pt,0.001,0.7,0.3,Val_Mean_2Std,0.9540436863899231,0.27016676031053066,0.0625,0.04411764705882353,0.05172413793103448,0.8183951884993399,0.1944946209903448,0.7662337662337663,0.25877192982456143,0.38688524590163936,0.7518608660379271,0.5820359326918769
10,50,tranad_processed_tensors_w10.pt,0.001,0.3,0.7,Val_Mean_2Std,0.9868636131286621,0.27016676031053066,0.061224489795918366,0.04411764705882353,0.05128205128205128,0.8122157840692386,0.18358237904607516,0.75625,0.26535087719298245,0.39285714285714285,0.7577552986512525,0.5963650401030747
10,50,tranad_processed_tensors_w10.pt,0.001,0.5,0.5,Val_Mean_2Std,0.9696232676506042,0.27016676031053066,0.061224489795918366,0.04411764705882353,0.05128205128205128,0.8166532198914478,0.19013999611406296,0.7707006369426752,0.26535087719298245,0.39477977161500816,0.7532121488692831,0.5877243237302971
15,75,tranad_processed_tensors_w15.pt,0.002,0.5,0.5,Val_Percentile_95,0.8998479276895521,0.23933703139690415,0.045454545454545456,0.029411764705882353,0.03571428571428571,0.8246112659527651,0.19139782868930794,0.7345679012345679,0.26096491228070173,0.3851132686084142,0.7490442145826994,0.5710201091817422
10,50,tranad_processed_tensors_w10.pt,0.001,0.7,0.3,Val_Percentile_95,0.972195371985435,0.27016676031053066,0.045454545454545456,0.029411764705882353,0.03571428571428571,0.8183951884993399,0.1944946209903448,0.7712418300653595,0.25877192982456143,0.38752052545155996,0.7518608660379271,0.5820359326918769
10,50,tranad_processed_tensors_w10.pt,0.001,0.3,0.7,Val_Percentile_95,1.023845726251602,0.27016676031053066,0.045454545454545456,0.029411764705882353,0.03571428571428571,0.8122157840692386,0.18358237904607516,0.7677419354838709,0.26096491228070173,0.3895253682487725,0.7577552986512525,0.5963650401030747
10,50,tranad_processed_tensors_w10.pt,0.001,0.5,0.5,Val_Percentile_95,1.0001201748847957,0.27016676031053066,0.045454545454545456,0.029411764705882353,0.03571428571428571,0.8166532198914478,0.19013999611406296,0.7662337662337663,0.25877192982456143,0.38688524590163936,0.7532121488692831,0.5877243237302971
15,75,tranad_processed_tensors_w15.pt,0.001,0.7,0.3,Val_Mean_2Std,0.9711198061704636,0.26603718168501345,0.043478260869565216,0.029411764705882353,0.03508771929824561,0.8021490391667889,0.18877398642696402,0.7647058823529411,0.2565789473684211,0.3842364532019704,0.7453858635026873,0.5799804126094253
5,25,tranad_processed_tensors_w5.pt,0.0005,0.7,0.3,Val_Mean_2Std,1.040745809674263,0.261551144000675,0.04,0.029411764705882353,0.03389830508474576,0.7968864603197888,0.18196366271509068,0.7375,0.25877192982456143,0.38311688311688313,0.7287369435148565,0.5396069824050539
5,25,tranad_processed_tensors_w5.pt,0.0005,0.5,0.5,Val_Mean_2Std,1.055566355586052,0.261551144000675,0.038461538461538464,0.029411764705882353,0.03333333333333333,0.7910371130996039,0.17900766355930678,0.7289156626506024,0.26535087719298245,0.3890675241157556,0.7297611804076665,0.5411406454614652
15,75,tranad_processed_tensors_w15.pt,0.002,0.7,0.3,Val_Mean_2Std,0.8959106802940369,0.23933703139690415,0.025,0.014705882352941176,0.018518518518518517,0.8284986064251136,0.1994671605290039,0.7866666666666666,0.25877192982456143,0.38943894389438943,0.7434210526315789,0.5706067633585141
10,50,tranad_processed_tensors_w10.pt,0.002,0.7,0.3,Val_Mean_2Std,0.9478515684604645,0.2628310919473214,0.023255813953488372,0.014705882352941176,0.018018018018018018,0.8070815608038727,0.1837046579319864,0.7662337662337663,0.25877192982456143,0.38688524590163936,0.7429368218233445,0.5738121705970443
10,50,tranad_processed_tensors_w10.pt,0.002,0.5,0.5,Val_Percentile_95,0.9821081191301343,0.2628310919473214,0.022727272727272728,0.014705882352941176,0.017857142857142856,0.7997286196274022,0.17391001937619255,0.7564102564102564,0.25877192982456143,0.38562091503267976,0.7484205455836123,0.5818906138266168
15,75,tranad_processed_tensors_w15.pt,0.002,0.3,0.7,Val_Percentile_95,0.9270050793886173,0.23933703139690415,0.022727272727272728,0.014705882352941176,0.017857142857142856,0.8188169282675664,0.1813762767630093,0.7245508982035929,0.26535087719298245,0.3884430176565008,0.7742990061859852,0.5929136547221253
20,100,tranad_processed_tensors_w20.pt,0.002,0.7,0.3,Val_Percentile_95,0.8902399003505705,0.2568234674898641,0.022727272727272728,0.014705882352941176,0.017857142857142856,0.8242445357195247,0.19774873176327648,0.7908496732026143,0.26535087719298245,0.3973727422003284,0.7427897779129906,0.5773680475229571
15,75,tranad_processed_tensors_w15.pt,0.001,0.7,0.3,Val_Percentile_95,0.9885628521442412,0.26603718168501345,0.022727272727272728,0.014705882352941176,0.017857142857142856,0.8021490391667889,0.18877398642696402,0.7697368421052632,0.2565789473684211,0.3848684210526316,0.7453858635026873,0.5799804126094253
10,50,tranad_processed_tensors_w10.pt,0.002,0.7,0.3,Val_Percentile_95,0.941857403516769,0.2628310919473214,0.022727272727272728,0.014705882352941176,0.017857142857142856,0.8070815608038727,0.1837046579319864,0.7662337662337663,0.25877192982456143,0.38688524590163936,0.7429368218233445,0.5738121705970443
5,25,tranad_processed_tensors_w5.pt,0.0005,0.3,0.7,Val_Mean_2Std,1.0712787210941315,0.261551144000675,0.019230769230769232,0.014705882352941176,0.016666666666666666,0.7870580900689452,0.17670799147192665,0.7192982456140351,0.26973684210526316,0.3923444976076555,0.7313026062265491,0.543533934397822
20,100,tranad_processed_tensors_w20.pt,0.0005,0.7,0.3,Val_Mean_2Std,1.2678509652614594,0.3421033598216517,0.0,0.0,0.0,0.8007004547454893,0.1654981334987389,0.740506329113924,0.2565789473684211,0.3811074918566775,0.7558056992191462,0.5637212151719229
20,100,tranad_processed_tensors_w20.pt,0.0005,0.5,0.5,Val_Percentile_95,1.388244885206222,0.3421033598216517,0.0,0.0,0.0,0.7979133049728621,0.16276690962208412,0.7453416149068323,0.2631578947368421,0.3889789303079417,0.7545152621437988,0.5617213720884683
20,100,tranad_processed_tensors_w20.pt,0.0005,0.7,0.3,Val_Mean_3Std,1.7462708950042725,0.3421033598216517,0.0,0.0,0.0,0.8007004547454893,0.1654981334987389,0.6837606837606838,0.17543859649122806,0.2792321116928447,0.7558056992191462,0.5637212151719229
20,100,tranad_processed_tensors_w20.pt,0.0005,0.7,0.3,Val_Percentile_95,1.3517152845859501,0.3421033598216517,0.0,0.0,0.0,0.8007004547454893,0.1654981334987389,0.7266666666666667,0.23903508771929824,0.35973597359735976,0.7558056992191462,0.5637212151719229
20,100,tranad_processed_tensors_w20.pt,0.0005,0.3,0.7,Val_Percentile_99,1.8273647058010098,0.3421033598216517,0.0,0.0,0.0,0.7941176470588236,0.15944748421888902,0.706766917293233,0.20614035087719298,0.31918505942275044,0.7613274515769192,0.5668681675384718
20,100,tranad_processed_tensors_w20.pt,0.0005,0.3,0.7,Val_Percentile_95,1.420948976278305,0.3421033598216517,0.0,0.0,0.0,0.7941176470588236,0.15944748421888902,0.7543859649122807,0.28289473684210525,0.41148325358851673,0.7613274515769192,0.5668681675384718
20,100,tranad_processed_tensors_w20.pt,0.0005,0.3,0.7,Val_Mean_3Std,1.8327052891254425,0.3421033598216517,0.0,0.0,0.0,0.7941176470588236,0.15944748421888902,0.706766917293233,0.20614035087719298,0.31918505942275044,0.7613274515769192,0.5668681675384718
20,100,tranad_processed_tensors_w20.pt,0.0005,0.3,0.7,Val_Mean_2Std,1.3345532715320587,0.3421033598216517,0.0,0.0,0.0,0.7941176470588236,0.15944748421888902,0.75,0.28289473684210525,0.410828025477707,0.7613274515769192,0.5668681675384718
5,25,tranad_processed_tensors_w5.pt,0.0005,0.7,0.3,Val_Percentile_95,1.0718197584152218,0.261551144000675,0.0,0.0,0.0,0.7968864603197888,0.18196366271509068,0.7358490566037735,0.2565789473684211,0.3804878048780488,0.7287369435148565,0.5396069824050539
20,100,tranad_processed_tensors_w20.pt,0.0005,0.5,0.5,Val_Percentile_99,1.8315810811519613,0.3421033598216517,0.0,0.0,0.0,0.7979133049728621,0.16276690962208412,0.6864406779661016,0.17763157894736842,0.28222996515679444,0.7545152621437988,0.5617213720884683
5,25,tranad_processed_tensors_w5.pt,0.0005,0.7,0.3,Val_Mean_3Std,1.439999833703041,0.261551144000675,0.0,0.0,0.0,0.7968864603197888,0.18196366271509068,0.7264957264957265,0.18640350877192982,0.29668411867364747,0.7287369435148565,0.5396069824050539
10,50,tranad_processed_tensors_w10.pt,0.0005,0.7,0.3,Val_Percentile_99,1.7577994024753547,0.30223309927220854,0.0,0.0,0.0,0.8022223852134369,0.17780701176216288,0.7019230769230769,0.1600877192982456,0.26071428571428573,0.7394736842105263,0.5469371119726858
20,100,tranad_processed_tensors_w20.pt,0.0005,0.5,0.5,Val_Mean_3Std,1.7886411547660828,0.3421033598216517,0.0,0.0,0.0,0.7979133049728621,0.16276690962208412,0.6942148760330579,0.18421052631578946,0.29116117850953205,0.7545152621437988,0.5617213720884683
5,25,tranad_processed_tensors_w5.pt,0.0005,0.3,0.7,Val_Percentile_99,1.736727678775787,0.261551144000675,0.0,0.0,0.0,0.7870580900689452,0.17670799147192665,0.7272727272727273,0.17543859649122806,0.2826855123674912,0.7313026062265491,0.543533934397822
20,100,tranad_processed_tensors_w20.pt,0.0005,0.5,0.5,Val_Mean_2Std,1.3006374835968018,0.3421033598216517,0.0,0.0,0.0,0.7979133049728621,0.16276690962208412,0.757396449704142,0.2807017543859649,0.4096,0.7545152621437988,0.5617213720884683
5,25,tranad_processed_tensors_w5.pt,0.0005,0.7,0.3,Val_Percentile_99,1.7134570753574365,0.261551144000675,0.0,0.0,0.0,0.7968864603197888,0.18196366271509068,0.7127659574468085,0.14692982456140352,0.24363636363636362,0.7287369435148565,0.5396069824050539
15,75,tranad_processed_tensors_w15.pt,0.002,0.7,0.3,Val_Percentile_99,1.511235045194625,0.23933703139690415,0.0,0.0,0.0,0.8284986064251136,0.1994671605290039,0.8555555555555555,0.16885964912280702,0.28205128205128205,0.7434210526315789,0.5706067633585141
5,25,tranad_processed_tensors_w5.pt,0.001,0.5,0.5,Val_Mean_3Std,1.185910940170288,0.21007394358249648,0.0,0.0,0.0,0.8275817808420127,0.20659803372324145,0.8173913043478261,0.20614035087719298,0.329246935201401,0.7270079099482811,0.5561838725196913
15,75,tranad_processed_tensors_w15.pt,0.002,0.7,0.3,Val_Mean_3Std,1.2377213835716248,0.23933703139690415,0.0,0.0,0.0,0.8284986064251136,0.1994671605290039,0.8392857142857143,0.20614035087719298,0.33098591549295775,0.7434210526315789,0.5706067633585141
5,25,tranad_processed_tensors_w5.pt,0.001,0.5,0.5,Val_Percentile_99,1.5578379380702971,0.21007394358249648,0.0,0.0,0.0,0.8275817808420127,0.20659803372324145,0.8450704225352113,0.13157894736842105,0.22770398481973433,0.7270079099482811,0.5561838725196913
15,75,tranad_processed_tensors_w15.pt,0.002,0.3,0.7,Val_Percentile_99,1.539197027683257,0.23933703139690415,0.0,0.0,0.0,0.8188169282675664,0.1813762767630093,0.8333333333333334,0.17543859649122806,0.2898550724637681,0.7742990061859852,0.5929136547221253
15,75,tranad_processed_tensors_w15.pt,0.002,0.3,0.7,Val_Mean_3Std,1.3438488245010376,0.23933703139690415,0.0,0.0,0.0,0.8188169282675664,0.1813762767630093,0.8,0.18421052631578946,0.2994652406417112,0.7742990061859852,0.5929136547221253
15,75,tranad_processed_tensors_w15.pt,0.002,0.3,0.7,Val_Mean_2Std,0.9757238924503326,0.23933703139690415,0.0,0.0,0.0,0.8188169282675664,0.1813762767630093,0.7212121212121212,0.26096491228070173,0.3832528180354267,0.7742990061859852,0.5929136547221253
5,25,tranad_processed_tensors_w5.pt,0.001,0.3,0.7,Val_Mean_3Std,1.202344387769699,0.21007394358249648,0.0,0.0,0.0,0.8263899075839812,0.20368482394720472,0.8103448275862069,0.20614035087719298,0.32867132867132864,0.7280118649224216,0.5578878499908388
20,100,tranad_processed_tensors_w20.pt,0.0005,0.7,0.3,Val_Percentile_99,1.8380367887020108,0.3421033598216517,0.0,0.0,0.0,0.8007004547454893,0.1654981334987389,0.6896551724137931,0.17543859649122806,0.27972027972027974,0.7558056992191462,0.5637212151719229
20,100,tranad_processed_tensors_w20.pt,0.001,0.5,0.5,Val_Percentile_95,1.1379138827323911,0.2783497786814613,0.0,0.0,0.0,0.8174416898929149,0.18382131301404858,0.7531645569620253,0.26096491228070173,0.38762214983713356,0.750869587262955,0.5720492354595719
20,100,tranad_processed_tensors_w20.pt,0.001,0.5,0.5,Val_Mean_2Std,1.0870907008647919,0.2783497786814613,0.0,0.0,0.0,0.8174416898929149,0.18382131301404858,0.7515151515151515,0.2719298245614035,0.3993558776167472,0.750869587262955,0.5720492354595719
20,100,tranad_processed_tensors_w20.pt,0.001,0.5,0.5,Val_Mean_3Std,1.498681128025055,0.2783497786814613,0.0,0.0,0.0,0.8174416898929149,0.18382131301404858,0.752,0.20614035087719298,0.32358003442340794,0.750869587262955,0.5720492354595719
20,100,tranad_processed_tensors_w20.pt,0.002,0.7,0.3,Val_Percentile_99,1.5162196946144102,0.2568234674898641,0.0,0.0,0.0,0.8242445357195247,0.19774873176327648,0.8571428571428571,0.17105263157894737,0.2851919561243144,0.7427897779129906,0.5773680475229571
20,100,tranad_processed_tensors_w20.pt,0.002,0.7,0.3,Val_Mean_3Std,1.2820801585912704,0.2568234674898641,0.0,0.0,0.0,0.8242445357195247,0.19774873176327648,0.8272727272727273,0.19956140350877194,0.3215547703180212,0.7427897779129906,0.5773680475229571
20,100,tranad_processed_tensors_w20.pt,0.002,0.7,0.3,Val_Mean_2Std,0.9296052306890488,0.2568234674898641,0.0,0.0,0.0,0.8242445357195247,0.19774873176327648,0.7905405405405406,0.2565789473684211,0.38741721854304634,0.7427897779129906,0.5773680475229571
5,25,tranad_processed_tensors_w5.pt,0.0005,0.5,0.5,Val_Percentile_95,1.1217632293701172,0.261551144000675,0.0,0.0,0.0,0.7910371130996039,0.17900766355930678,0.73125,0.2565789473684211,0.37987012987012986,0.7297611804076665,0.5411406454614652
20,100,tranad_processed_tensors_w20.pt,0.002,0.3,0.7,Val_Percentile_99,1.5403234362602227,0.2568234674898641,0.0,0.0,0.0,0.8172583247762945,0.18291878442527493,0.8247422680412371,0.17543859649122806,0.28933092224231466,0.7473151810161242,0.5708499991408553
20,100,tranad_processed_tensors_w20.pt,0.002,0.3,0.7,Val_Percentile_95,1.0299439132213568,0.2568234674898641,0.0,0.0,0.0,0.8172583247762945,0.18291878442527493,0.7763157894736842,0.25877192982456143,0.3881578947368421,0.7473151810161242,0.5708499991408553
20,100,tranad_processed_tensors_w20.pt,0.002,0.3,0.7,Val_Mean_3Std,1.435244470834732,0.2568234674898641,0.0,0.0,0.0,0.8172583247762945,0.18291878442527493,0.7757009345794392,0.18201754385964913,0.29484902309058614,0.7473151810161242,0.5708499991408553
20,100,tranad_processed_tensors_w20.pt,0.002,0.3,0.7,Val_Mean_2Std,1.0440662801265717,0.2568234674898641,0.0,0.0,0.0,0.8172583247762945,0.18291878442527493,0.7763157894736842,0.25877192982456143,0.3881578947368421,0.7473151810161242,0.5708499991408553
5,25,tranad_processed_tensors_w5.pt,0.0005,0.5,0.5,Val_Percentile_99,1.725702519416808,0.261551144000675,0.0,0.0,0.0,0.7910371130996039,0.17900766355930678,0.7403846153846154,0.16885964912280702,0.275,0.7297611804076665,0.5411406454614652
20,100,tranad_processed_tensors_w20.pt,0.002,0.5,0.5,Val_Percentile_99,1.5258556795120237,0.2568234674898641,0.0,0.0,0.0,0.8209806366436849,0.19039123143624168,0.8421052631578947,0.17543859649122806,0.29038112522686027,0.7446633201500862,0.5731707129173934
20,100,tranad_processed_tensors_w20.pt,0.002,0.5,0.5,Val_Percentile_95,0.9332843363285064,0.2568234674898641,0.0,0.0,0.0,0.8209806366436849,0.19039123143624168,0.7898089171974523,0.2719298245614035,0.40456769983686786,0.7446633201500862,0.5731707129173934
20,100,tranad_processed_tensors_w20.pt,0.002,0.5,0.5,Val_Mean_3Std,1.356920212507248,0.2568234674898641,0.0,0.0,0.0,0.8209806366436849,0.19039123143624168,0.8,0.18421052631578946,0.2994652406417112,0.7446633201500862,0.5731707129173934
20,100,tranad_processed_tensors_w20.pt,0.002,0.5,0.5,Val_Mean_2Std,0.9856743514537811,0.2568234674898641,0.0,0.0,0.0,0.8209806366436849,0.19039123143624168,0.785234899328859,0.2565789473684211,0.3867768595041322,0.7446633201500862,0.5731707129173934
20,100,tranad_processed_tensors_w20.pt,0.001,0.7,0.3,Val_Percentile_99,1.646102386713028,0.2783497786814613,0.0,0.0,0.0,0.8155530291917266,0.18366039184443506,0.7619047619047619,0.17543859649122806,0.28520499108734404,0.7534910252509888,0.577835457880677
20,100,tranad_processed_tensors_w20.pt,0.001,0.7,0.3,Val_Percentile_95,1.1008441269397728,0.2783497786814613,0.0,0.0,0.0,0.8155530291917266,0.18366039184443506,0.7452229299363057,0.2565789473684211,0.3817292006525285,0.7534910252509888,0.577835457880677
20,100,tranad_processed_tensors_w20.pt,0.001,0.7,0.3,Val_Mean_3Std,1.4641827940940857,0.2783497786814613,0.0,0.0,0.0,0.8155530291917266,0.18366039184443506,0.7327586206896551,0.18640350877192982,0.2972027972027972,0.7534910252509888,0.577835457880677
20,100,tranad_processed_tensors_w20.pt,0.001,0.7,0.3,Val_Mean_2Std,1.0606516301631927,0.2783497786814613,0.0,0.0,0.0,0.8155530291917266,0.18366039184443506,0.7452229299363057,0.2565789473684211,0.3817292006525285,0.7534910252509888,0.577835457880677
5,25,tranad_processed_tensors_w5.pt,0.0005,0.3,0.7,Val_Mean_3Std,1.4802164137363434,0.261551144000675,0.0,0.0,0.0,0.7870580900689452,0.17670799147192665,0.7286821705426356,0.20614035087719298,0.3213675213675214,0.7313026062265491,0.543533934397822
20,100,tranad_processed_tensors_w20.pt,0.001,0.3,0.7,Val_Percentile_99,1.6380323851108542,0.2783497786814613,0.0,0.0,0.0,0.8186152266392842,0.1835011005042025,0.7280701754385965,0.18201754385964913,0.2912280701754386,0.7542389210019269,0.5712858769532758
20,100,tranad_processed_tensors_w20.pt,0.001,0.3,0.7,Val_Percentile_95,1.1935393989086152,0.2783497786814613,0.0,0.0,0.0,0.8186152266392842,0.1835011005042025,0.75,0.26973684210526316,0.3967741935483871,0.7542389210019269,0.5712858769532758
20,100,tranad_processed_tensors_w20.pt,0.001,0.3,0.7,Val_Mean_3Std,1.535546988248825,0.2783497786814613,0.0,0.0,0.0,0.8186152266392842,0.1835011005042025,0.746031746031746,0.20614035087719298,0.3230240549828179,0.7542389210019269,0.5712858769532758
20,100,tranad_processed_tensors_w20.pt,0.001,0.3,0.7,Val_Mean_2Std,1.1151081323623657,0.2783497786814613,0.0,0.0,0.0,0.8186152266392842,0.1835011005042025,0.75,0.28289473684210525,0.410828025477707,0.7542389210019269,0.5712858769532758
5,25,tranad_processed_tensors_w5.pt,0.0005,0.3,0.7,Val_Percentile_95,1.1631046056747434,0.261551144000675,0.0,0.0,0.0,0.7870580900689452,0.17670799147192665,0.7239263803680982,0.25877192982456143,0.38126009693053314,0.7313026062265491,0.543533934397822
20,100,tranad_processed_tensors_w20.pt,0.001,0.5,0.5,Val_Percentile_99,1.638985170125961,0.2783497786814613,0.0,0.0,0.0,0.8174416898929149,0.18382131301404858,0.7476635514018691,0.17543859649122806,0.2841918294849023,0.750869587262955,0.5720492354595719
5,25,tranad_processed_tensors_w5.pt,0.001,0.3,0.7,Val_Percentile_99,1.5677912616729734,0.21007394358249648,0.0,0.0,0.0,0.8263899075839812,0.20368482394720472,0.8461538461538461,0.14473684210526316,0.24719101123595505,0.7280118649224216,0.5578878499908388
15,75,tranad_processed_tensors_w15.pt,0.002,0.5,0.5,Val_Percentile_99,1.5252161371707906,0.23933703139690415,0.0,0.0,0.0,0.8246112659527651,0.19139782868930794,0.8602150537634409,0.17543859649122806,0.29143897996357016,0.7490442145826994,0.5710201091817422
5,25,tranad_processed_tensors_w5.pt,0.001,0.7,0.3,Val_Mean_3Std,1.1703205853700638,0.21007394358249648,0.0,0.0,0.0,0.8280035206102391,0.20932434351851098,0.8103448275862069,0.20614035087719298,0.32867132867132864,0.7246197140249468,0.5535579963344499
15,75,tranad_processed_tensors_w15.pt,0.002,0.5,0.5,Val_Mean_3Std,1.2898135483264923,0.23933703139690415,0.0,0.0,0.0,0.8246112659527651,0.19139782868930794,0.822429906542056,0.19298245614035087,0.31261101243339257,0.7490442145826994,0.5710201091817422
10,50,tranad_processed_tensors_w10.pt,0.0005,0.5,0.5,Val_Percentile_95,1.2339322328567497,0.30223309927220854,0.0,0.0,0.0,0.7998569752090363,0.17375964801767366,0.7358490566037735,0.2565789473684211,0.3804878048780488,0.7404041172294901,0.5497210433458202
5,25,tranad_processed_tensors_w5.pt,0.002,0.7,0.3,Val_Percentile_99,1.5132981121540068,0.21584669261106423,0.0,0.0,0.0,0.8253997359542321,0.20428866622696118,0.8115942028985508,0.12280701754385964,0.21333333333333335,0.7187404928506237,0.5452594219161533
10,50,tranad_processed_tensors_w10.pt,0.002,0.7,0.3,Val_Percentile_99,1.545937522649765,0.2628310919473214,0.0,0.0,0.0,0.8070815608038727,0.1837046579319864,0.8555555555555555,0.16885964912280702,0.28205128205128205,0.7429368218233445,0.5738121705970443
10,50,tranad_processed_tensors_w10.pt,0.002,0.7,0.3,Val_Mean_3Std,1.3082236349582672,0.2628310919473214,0.0,0.0,0.0,0.8070815608038727,0.1837046579319864,0.8468468468468469,0.20614035087719298,0.3315696649029982,0.7429368218233445,0.5738121705970443
10,50,tranad_processed_tensors_w10.pt,0.0005,0.5,0.5,Val_Mean_2Std,1.155547559261322,0.30223309927220854,0.0,0.0,0.0,0.7998569752090363,0.17375964801767366,0.7329192546583851,0.25877192982456143,0.3824959481361426,0.7404041172294901,0.5497210433458202
10,50,tranad_processed_tensors_w10.pt,0.002,0.3,0.7,Val_Percentile_99,1.5946632683277127,0.2628310919473214,0.0,0.0,0.0,0.7907437289130116,0.16257341811354015,0.8421052631578947,0.17543859649122806,0.29038112522686027,0.7576336071392353,0.5913821890218298
10,50,tranad_processed_tensors_w10.pt,0.002,0.3,0.7,Val_Percentile_95,1.0535621464252471,0.2628310919473214,0.0,0.0,0.0,0.7907437289130116,0.16257341811354015,0.7421383647798742,0.25877192982456143,0.383739837398374,0.7576336071392353,0.5913821890218298
10,50,tranad_processed_tensors_w10.pt,0.002,0.3,0.7,Val_Mean_3Std,1.484812080860138,0.2628310919473214,0.0,0.0,0.0,0.7907437289130116,0.16257341811354015,0.83,0.18201754385964913,0.29856115107913667,0.7576336071392353,0.5913821890218298
10,50,tranad_processed_tensors_w10.pt,0.002,0.3,0.7,Val_Mean_2Std,1.0797496736049652,0.2628310919473214,0.0,0.0,0.0,0.7907437289130116,0.16257341811354015,0.7468354430379747,0.25877192982456143,0.38436482084690554,0.7576336071392353,0.5913821890218298
10,50,tranad_processed_tensors_w10.pt,0.0005,0.5,0.5,Val_Mean_3Std,1.5897541344165802,0.30223309927220854,0.0,0.0,0.0,0.7998569752090363,0.17375964801767366,0.6910569105691057,0.18640350877192982,0.29360967184801384,0.7404041172294901,0.5497210433458202
10,50,tranad_processed_tensors_w10.pt,0.002,0.5,0.5,Val_Percentile_99,1.5686887323856347,0.2628310919473214,0.0,0.0,0.0,0.7997286196274022,0.17391001937619255,0.851063829787234,0.17543859649122806,0.2909090909090909,0.7484205455836123,0.5818906138266168
10,50,tranad_processed_tensors_w10.pt,0.002,0.5,0.5,Val_Mean_3Std,1.3950121849775314,0.2628310919473214,0.0,0.0,0.0,0.7997286196274022,0.17391001937619255,0.8316831683168316,0.18421052631578946,0.3016157989228007,0.7484205455836123,0.5818906138266168
10,50,tranad_processed_tensors_w10.pt,0.002,0.5,0.5,Val_Mean_2Std,1.0127968341112137,0.2628310919473214,0.0,0.0,0.0,0.7997286196274022,0.17391001937619255,0.7564102564102564,0.25877192982456143,0.38562091503267976,0.7484205455836123,0.5818906138266168
10,50,tranad_processed_tensors_w10.pt,0.001,0.7,0.3,Val_Percentile_99,1.5707446479797351,0.27016676031053066,0.0,0.0,0.0,0.8183951884993399,0.1944946209903448,0.851063829787234,0.17543859649122806,0.2909090909090909,0.7518608660379271,0.5820359326918769
15,75,tranad_processed_tensors_w15.pt,0.002,0.5,0.5,Val_Mean_2Std,0.9351695775985718,0.23933703139690415,0.0,0.0,0.0,0.8246112659527651,0.19139782868930794,0.7531645569620253,0.26096491228070173,0.38762214983713356,0.7490442145826994,0.5710201091817422
10,50,tranad_processed_tensors_w10.pt,0.0005,0.5,0.5,Val_Percentile_99,1.7639898324012728,0.30223309927220854,0.0,0.0,0.0,0.7998569752090363,0.17375964801767366,0.7142857142857143,0.17543859649122806,0.28169014084507044,0.7404041172294901,0.5497210433458202
10,50,tranad_processed_tensors_w10.pt,0.001,0.7,0.3,Val_Mean_3Std,1.3109127581119537,0.27016676031053066,0.0,0.0,0.0,0.8183951884993399,0.1944946209903448,0.7899159663865546,0.20614035087719298,0.3269565217391304,0.7518608660379271,0.5820359326918769
10,50,tranad_processed_tensors_w10.pt,0.0005,0.3,0.7,Val_Mean_2Std,1.189186692237854,0.30223309927220854,0.0,0.0,0.0,0.7970881619480711,0.1697390447278782,0.7378048780487805,0.26535087719298245,0.3903225806451613,0.7421508974749012,0.5524592083057199
10,50,tranad_processed_tensors_w10.pt,0.0005,0.3,0.7,Val_Mean_3Std,1.63283309340477,0.30223309927220854,0.0,0.0,0.0,0.7970881619480711,0.1697390447278782,0.706766917293233,0.20614035087719298,0.31918505942275044,0.7421508974749012,0.5524592083057199
10,50,tranad_processed_tensors_w10.pt,0.001,0.3,0.7,Val_Percentile_99,1.555945538282392,0.27016676031053066,0.0,0.0,0.0,0.8122157840692386,0.18358237904607516,0.8316831683168316,0.18421052631578946,0.3016157989228007,0.7577552986512525,0.5963650401030747
10,50,tranad_processed_tensors_w10.pt,0.0005,0.3,0.7,Val_Percentile_95,1.2887006580829607,0.30223309927220854,0.0,0.0,0.0,0.7970881619480711,0.1697390447278782,0.7375,0.25877192982456143,0.38311688311688313,0.7421508974749012,0.5524592083057199
10,50,tranad_processed_tensors_w10.pt,0.001,0.3,0.7,Val_Mean_3Std,1.3425030708312988,0.27016676031053066,0.0,0.0,0.0,0.8122157840692386,0.18358237904607516,0.813953488372093,0.23026315789473684,0.358974358974359,0.7577552986512525,0.5963650401030747
10,50,tranad_processed_tensors_w10.pt,0.0005,0.3,0.7,Val_Percentile_99,1.7748660492897006,0.30223309927220854,0.0,0.0,0.0,0.7970881619480711,0.1697390447278782,0.7232142857142857,0.17763157894736842,0.2852112676056338,0.7421508974749012,0.5524592083057199
10,50,tranad_processed_tensors_w10.pt,0.0005,0.7,0.3,Val_Mean_2Std,1.1228504478931427,0.30223309927220854,0.0,0.0,0.0,0.8022223852134369,0.17780701176216288,0.7358490566037735,0.2565789473684211,0.3804878048780488,0.7394736842105263,0.5469371119726858
10,50,tranad_processed_tensors_w10.pt,0.001,0.5,0.5,Val_Percentile_99,1.5612921464443186,0.27016676031053066,0.0,0.0,0.0,0.8166532198914478,0.19013999611406296,0.84375,0.17763157894736842,0.29347826086956524,0.7532121488692831,0.5877243237302971
10,50,tranad_processed_tensors_w10.pt,0.0005,0.7,0.3,Val_Mean_3Std,1.5480881929397583,0.30223309927220854,0.0,0.0,0.0,0.8022223852134369,0.17780701176216288,0.6864406779661016,0.17763157894736842,0.28222996515679444,0.7394736842105263,0.5469371119726858
10,50,tranad_processed_tensors_w10.pt,0.001,0.5,0.5,Val_Mean_3Std,1.3254623413085938,0.27016676031053066,0.0,0.0,0.0,0.8166532198914478,0.19013999611406296,0.813953488372093,0.23026315789473684,0.358974358974359,0.7532121488692831,0.5877243237302971
5,25,tranad_processed_tensors_w5.pt,0.0005,0.5,0.5,Val_Mean_3Std,1.4594392627477646,0.261551144000675,0.0,0.0,0.0,0.7910371130996039,0.17900766355930678,0.7401574803149606,0.20614035087719298,0.32246998284734135,0.7297611804076665,0.5411406454614652
15,75,tranad_processed_tensors_w15.pt,0.0005,0.5,0.5,Val_Mean_3Std,1.6265743374824524,0.3109725186867373,0.0,0.0,0.0,0.8150029338418661,0.17301496575464625,0.7033898305084746,0.18201754385964913,0.289198606271777,0.7587693945847276,0.5718546099429285
15,75,tranad_processed_tensors_w15.pt,0.0005,0.5,0.5,Val_Percentile_95,1.2845713913440702,0.3109725186867373,0.0,0.0,0.0,0.8150029338418661,0.17301496575464625,0.7320261437908496,0.24561403508771928,0.367816091954023,0.7587693945847276,0.5718546099429285
15,75,tranad_processed_tensors_w15.pt,0.0005,0.5,0.5,Val_Percentile_99,1.7384587347507456,0.3109725186867373,0.0,0.0,0.0,0.8150029338418661,0.17301496575464625,0.7339449541284404,0.17543859649122806,0.2831858407079646,0.7587693945847276,0.5718546099429285
10,50,tranad_processed_tensors_w10.pt,0.0005,0.7,0.3,Val_Percentile_95,1.165044969320297,0.30223309927220854,0.0,0.0,0.0,0.8022223852134369,0.17780701176216288,0.7358490566037735,0.2565789473684211,0.3804878048780488,0.7394736842105263,0.5469371119726858
15,75,tranad_processed_tensors_w15.pt,0.001,0.7,0.3,Val_Percentile_99,1.5739228355884547,0.26603718168501345,0.0,0.0,0.0,0.8021490391667889,0.18877398642696402,0.8295454545454546,0.1600877192982456,0.26838235294117646,0.7453858635026873,0.5799804126094253
15,75,tranad_processed_tensors_w15.pt,0.001,0.7,0.3,Val_Mean_3Std,1.3372602015733719,0.26603718168501345,0.0,0.0,0.0,0.8021490391667889,0.18877398642696402,0.7904761904761904,0.18201754385964913,0.29590017825311943,0.7453858635026873,0.5799804126094253
5,25,tranad_processed_tensors_w5.pt,0.001,0.7,0.3,Val_Percentile_99,1.5502549600601194,0.21007394358249648,0.0,0.0,0.0,0.8280035206102391,0.20932434351851098,0.8382352941176471,0.125,0.21755725190839695,0.7246197140249468,0.5535579963344499
5,25,tranad_processed_tensors_w5.pt,0.002,0.5,0.5,Val_Mean_3Std,1.2060137540102005,0.21584669261106423,0.0,0.0,0.0,0.8234744022297198,0.19844586102132553,0.8103448275862069,0.20614035087719298,0.32867132867132864,0.7183500659162357,0.5459894458285974
15,75,tranad_processed_tensors_w15.pt,0.001,0.3,0.7,Val_Percentile_99,1.5260996723175047,0.26603718168501345,0.0,0.0,0.0,0.7927057356608479,0.17341723118175237,0.7920792079207921,0.17543859649122806,0.2872531418312388,0.7454974140553696,0.5783562081716574
15,75,tranad_processed_tensors_w15.pt,0.001,0.3,0.7,Val_Percentile_95,1.0739889502525324,0.26603718168501345,0.0,0.0,0.0,0.7927057356608479,0.17341723118175237,0.75,0.23026315789473684,0.3523489932885906,0.7454974140553696,0.5783562081716574
15,75,tranad_processed_tensors_w15.pt,0.001,0.3,0.7,Val_Mean_3Std,1.3848414719104767,0.26603718168501345,0.0,0.0,0.0,0.7927057356608479,0.17341723118175237,0.7706422018348624,0.18421052631578946,0.2973451327433628,0.7454974140553696,0.5783562081716574
15,75,tranad_processed_tensors_w15.pt,0.001,0.3,0.7,Val_Mean_2Std,1.0121448040008545,0.26603718168501345,0.0,0.0,0.0,0.7927057356608479,0.17341723118175237,0.7647058823529411,0.2565789473684211,0.3842364532019704,0.7454974140553696,0.5783562081716574
5,25,tranad_processed_tensors_w5.pt,0.002,0.5,0.5,Val_Percentile_99,1.5474243474006646,0.21584669261106423,0.0,0.0,0.0,0.8234744022297198,0.19844586102132553,0.8169014084507042,0.12719298245614036,0.22011385199240988,0.7183500659162357,0.5459894458285974
15,75,tranad_processed_tensors_w15.pt,0.001,0.5,0.5,Val_Percentile_99,1.5368840050697323,0.26603718168501345,0.0,0.0,0.0,0.7983167082294265,0.18228028664618243,0.8061224489795918,0.17324561403508773,0.2851985559566787,0.7450131832471352,0.5781698435979112
15,75,tranad_processed_tensors_w15.pt,0.001,0.5,0.5,Val_Percentile_95,1.028417968749998,0.26603718168501345,0.0,0.0,0.0,0.7983167082294265,0.18228028664618243,0.7482517482517482,0.23464912280701755,0.3572621035058431,0.7450131832471352,0.5781698435979112
15,75,tranad_processed_tensors_w15.pt,0.001,0.5,0.5,Val_Mean_3Std,1.3595118820667267,0.26603718168501345,0.0,0.0,0.0,0.7983167082294265,0.18228028664618243,0.7830188679245284,0.18201754385964913,0.29537366548042704,0.7450131832471352,0.5781698435979112
15,75,tranad_processed_tensors_w15.pt,0.001,0.5,0.5,Val_Mean_2Std,0.9906063377857208,0.26603718168501345,0.0,0.0,0.0,0.7983167082294265,0.18228028664618243,0.7597402597402597,0.2565789473684211,0.3836065573770492,0.7450131832471352,0.5781698435979112
5,25,tranad_processed_tensors_w5.pt,0.002,0.3,0.7,Val_Mean_3Std,1.2497131377458572,0.21584669261106423,0.0,0.0,0.0,0.8211456652486432,0.19329145116810093,0.8103448275862069,0.20614035087719298,0.32867132867132864,0.7189458472771524,0.5469230402692516
15,75,tranad_processed_tensors_w15.pt,0.0005,0.7,0.3,Val_Percentile_99,1.7540587377548198,0.3109725186867373,0.0,0.0,0.0,0.8174416898929148,0.17759534176869834,0.7475728155339806,0.16885964912280702,0.27549194991055453,0.7562658452489606,0.5706109540694154
15,75,tranad_processed_tensors_w15.pt,0.0005,0.7,0.3,Val_Percentile_95,1.2298556149005877,0.3109725186867373,0.0,0.0,0.0,0.8174416898929148,0.17759534176869834,0.7191780821917808,0.23026315789473684,0.3488372093023256,0.7562658452489606,0.5706109540694154
15,75,tranad_processed_tensors_w15.pt,0.0005,0.7,0.3,Val_Mean_3Std,1.599202185869217,0.3109725186867373,0.0,0.0,0.0,0.8174416898929148,0.17759534176869834,0.7079646017699115,0.17543859649122806,0.281195079086116,0.7562658452489606,0.5706109540694154
15,75,tranad_processed_tensors_w15.pt,0.0005,0.7,0.3,Val_Mean_2Std,1.1603115499019623,0.3109725186867373,0.0,0.0,0.0,0.8174416898929148,0.17759534176869834,0.740506329113924,0.2565789473684211,0.3811074918566775,0.7562658452489606,0.5706109540694154
5,25,tranad_processed_tensors_w5.pt,0.002,0.3,0.7,Val_Percentile_99,1.5798456323146812,0.21584669261106423,0.0,0.0,0.0,0.8211456652486432,0.19329145116810093,0.821917808219178,0.13157894736842105,0.22684310018903592,0.7189458472771524,0.5469230402692516
15,75,tranad_processed_tensors_w15.pt,0.0005,0.3,0.7,Val_Percentile_99,1.7614270520210262,0.3109725186867373,0.0,0.0,0.0,0.8104371424380227,0.1678341384820305,0.7363636363636363,0.17763157894736842,0.2862190812720848,0.7821417706114998,0.5912601575186472
15,75,tranad_processed_tensors_w15.pt,0.0005,0.3,0.7,Val_Percentile_95,1.3295045554637899,0.3109725186867373,0.0,0.0,0.0,0.8104371424380227,0.1678341384820305,0.740506329113924,0.2565789473684211,0.3811074918566775,0.7821417706114998,0.5912601575186472
15,75,tranad_processed_tensors_w15.pt,0.0005,0.3,0.7,Val_Mean_3Std,1.6557668447494507,0.3109725186867373,0.0,0.0,0.0,0.8104371424380227,0.1678341384820305,0.734375,0.20614035087719298,0.3219178082191781,0.7821417706114998,0.5912601575186472
15,75,tranad_processed_tensors_w15.pt,0.0005,0.3,0.7,Val_Mean_2Std,1.2061944007873535,0.3109725186867373,0.0,0.0,0.0,0.8104371424380227,0.1678341384820305,0.7391304347826086,0.26096491228070173,0.3857374392220421,0.7821417706114998,0.5912601575186472
5,25,tranad_processed_tensors_w5.pt,0.002,0.7,0.3,Val_Mean_3Std,1.164193406701088,0.21584669261106423,0.0,0.0,0.0,0.8253997359542321,0.20428866622696118,0.7964601769911505,0.19736842105263158,0.3163444639718805,0.7187404928506237,0.5452594219161533
15,75,tranad_processed_tensors_w15.pt,0.0005,0.5,0.5,Val_Mean_2Std,1.1826461851596832,0.3109725186867373,0.0,0.0,0.0,0.8150029338418661,0.17301496575464625,0.740506329113924,0.2565789473684211,0.3811074918566775,0.7587693945847276,0.5718546099429285
